{
  "last_node_id": 12,
  "last_link_id": 21,
  "nodes": [
    {
      "id": 1,
      "type": "LoadImage",
      "pos": [
        200,
        200
      ],
      "size": {
        "0": 320,
        "1": 120
      },
      "flags": {},
      "order": 0,
      "mode": 0,
      "inputs": {},
      "outputs": {
        "image": [
          "2",
          "image"
        ],
        "image_path": [
          "2",
          "image_path"
        ]
      },
      "properties": {
        "node_id": 1
      }
    },
    {
      "id": 2,
      "type": "DoubaoImageReversePrompt",
      "pos": [
        500,
        200
      ],
      "size": {
        "0": 320,
        "1": 260
      },
      "flags": {},
      "order": 1,
      "mode": 0,
      "inputs": {
        "image": [
          "1",
          "image"
        ],
        "api_key": "your_api_key_here",
        "api_secret": "your_api_secret_here",
        "detail_level": "high",
        "language": "zh",
        "style": "natural"
      },
      "outputs": {
        "原始提示词": [
          "3",
          "text"
        ],
        "优化提示词": [
          "4",
          "text"
        ],
        "关键词": [
          "5",
          "text"
        ]
      },
      "properties": {
        "node_id": 2
      }
    },
    {
      "id": 3,
      "type": "TextViewer",
      "pos": [
        800,
        100
      ],
      "size": {
        "0": 300,
        "1": 100
      },
      "flags": {},
      "order": 2,
      "mode": 0,
      "inputs": {
        "text": [
          "2",
          "原始提示词"
        ]
      },
      "outputs": {},
      "properties": {
        "node_id": 3,
        "text": "原始提示词将显示在这里"
      }
    },
    {
      "id": 4,
      "type": "TextViewer",
      "pos": [
        800,
        220
      ],
      "size": {
        "0": 300,
        "1": 100
      },
      "flags": {},
      "order": 3,
      "mode": 0,
      "inputs": {
        "text": [
          "2",
          "优化提示词"
        ]
      },
      "outputs": {
        "text": [
          "6",
          "text"
        ]
      },
      "properties": {
        "node_id": 4,
        "text": "优化提示词将显示在这里"
      }
    },
    {
      "id": 5,
      "type": "TextViewer",
      "pos": [
        800,
        340
      ],
      "size": {
        "0": 300,
        "1": 100
      },
      "flags": {},
      "order": 4,
      "mode": 0,
      "inputs": {
        "text": [
          "2",
          "关键词"
        ]
      },
      "outputs": {},
      "properties": {
        "node_id": 5,
        "text": "关键词将显示在这里"
      }
    },
    {
      "id": 6,
      "type": "KSampler",
      "pos": [
        1100,
        220
      ],
      "size": {
        "0": 320,
        "1": 420
      },
      "flags": {},
      "order": 5,
      "mode": 0,
      "inputs": {
        "text": [
          "4",
          "text"
        ]
      },
      "outputs": {
        "image": [
          "7",
          "image"
        ]
      },
      "properties": {
        "node_id": 6
      }
    },
    {
      "id": 7,
      "type": "PreviewImage",
      "pos": [
        1400,
        220
      ],
      "size": {
        "0": 300,
        "1": 300
      },
      "flags": {},
      "order": 6,
      "mode": 0,
      "inputs": {
        "image": [
          "6",
          "image"
        ]
      },
      "outputs": {},
      "properties": {
        "node_id": 7
      }
    }
  ],
  "links": [
    {
      "id": 1,
      "source_node_id": 1,
      "source_output_id": "image",
      "target_node_id": 2,
      "target_input_id": "image"
    },
    {
      "id": 2,
      "source_node_id": 2,
      "source_output_id": "原始提示词",
      "target_node_id": 3,
      "target_input_id": "text"
    },
    {
      "id": 3,
      "source_node_id": 2,
      "source_output_id": "优化提示词",
      "target_node_id": 4,
      "target_input_id": "text"
    },
    {
      "id": 4,
      "source_node_id": 2,
      "source_output_id": "关键词",
      "target_node_id": 5,
      "target_input_id": "text"
    },
    {
      "id": 5,
      "source_node_id": 4,
      "source_output_id": "text",
      "target_node_id": 6,
      "target_input_id": "text"
    },
    {
      "id": 6,
      "source_node_id": 6,
      "source_output_id": "image",
      "target_node_id": 7,
      "target_input_id": "image"
    }
  ],
  "groups": [],
  "config": {},
  "extra": {},
  "version": 0.4
}